created_at,id,Temperature,Humidity,SoilMoisture,WaterLevel,pump
2022-08-22 10:01:00 UTC,1,22.87974371,80.0027,16,10,1
2022-08-22 10:02:00 UTC,2,30.77046169,80.31964408,18,10,1
2022-08-22 10:03:00 UTC,3,33.00445915,82.3207629,22,10,1
2022-08-22 10:04:00 UTC,4,29.49109635,80.15836264,32,10,1
2022-08-22 10:05:00 UTC,5,30.13017482,81.60487287,28,10,1
2022-08-22 10:06:00 UTC,6,28.05804872,83.37011772,23,10,1
2022-08-22 10:07:00 UTC,7,27.70883798,82.63941394,12,10,1
2022-08-22 10:08:00 UTC,8,26.27774362,82.89408619,35,10,1
2022-08-22 10:09:00 UTC,9,24.51,83.5352163,45,10,1
2022-08-22 10:10:00 UTC,10,23.22397,83.03322691,11,10,1
2022-08-22 10:11:00 UTC,11,27.52723513,81.41753846,23,10,1
2022-08-22 10:12:00 UTC,12,30.97898217,81.45061596,34,10,1
2022-08-22 10:13:00 UTC,13,28.80079604,80.88684822,45,10,1
2022-08-22 10:14:00 UTC,14,29.01497622,82.05687182,33,10,1
2022-08-22 10:15:00 UTC,15,31.66585205,80.66385045,45,10,1
2022-08-22 10:16:00 UTC,16,30.28209415,80.30025587,25,10,1
2022-08-22 10:17:00 UTC,17,31.58711777,82.7883708,11,10,1
2022-08-22 10:18:00 UTC,18,23.79391957,80.41817957,41,10,1
2022-08-22 10:19:00 UTC,19,21.8652524,80.1923008,23,10,1
2022-08-22 10:20:00 UTC,20,23.57943626,83.58760316,18,10,1
2022-08-22 10:21:00 UTC,21,21.32504158,80.47476396,36,10,1
2022-08-22 10:22:00 UTC,22,25.15745531,83.11713476,33,10,1
2022-08-22 10:23:00 UTC,23,21.94766735,80.97384195,24,10,1
2022-08-22 10:24:00 UTC,24,21.0525355,82.67839517,15,10,1
2022-08-22 10:25:00 UTC,25,23.48381344,81.33265073,44,10,1
2022-08-22 10:26:00 UTC,26,25.0756354,80.52389148,13,10,1
2022-08-22 10:27:00 UTC,27,26.35927159,84.04403589,29,10,1
2022-08-22 10:28:00 UTC,28,24.52922681,80.54498576,14,10,1
2022-08-22 10:29:00 UTC,29,20.77576147,84.49774397,28,10,1
2022-08-22 10:30:00 UTC,30,22.30157427,80.64416466,31,10,1
2022-08-22 10:31:00 UTC,31,21.44653958,84.94375962,35,10,1
2022-08-22 10:32:00 UTC,32,22.17931888,80.33127223,32,10,1
2022-08-22 10:33:00 UTC,33,24.52783742,82.73685569,10,10,1
2022-08-22 10:34:00 UTC,34,20.26707606,81.63895217,21,10,1
2022-08-22 10:35:00 UTC,35,25.7354293,83.88266234,22,10,1
2022-08-22 10:36:00 UTC,36,26.79533926,82.1480873,21,10,1
2022-08-22 10:37:00 UTC,37,26.75754171,81.17734011,32,10,1
2022-08-22 10:38:00 UTC,38,23.86330467,83.15250801,11,10,1
2022-08-22 10:39:00 UTC,39,21.01944696,82.95221726,13,10,1
2022-08-22 10:40:00 UTC,40,24.17298839,83.7287574,38,10,1
2022-08-22 10:41:00 UTC,41,22.78133816,82.06719137,45,10,1
2022-08-22 10:42:00 UTC,42,25.62980105,83.52842314,39,10,1
2022-08-22 10:43:00 UTC,43,25.59704938,80.14509262,38,10,1
2022-08-22 10:44:00 UTC,44,23.83067496,84.81360127,38,10,1
2022-08-22 10:45:00 UTC,45,26.31355498,82.36698992,44,10,1
2022-08-22 10:46:00 UTC,46,24.8972823,80.52586088,27,10,1
2022-08-22 10:47:00 UTC,47,24.958779,84.47963372,37,10,1
2022-08-22 10:48:00 UTC,48,23.24113501,84.59201843,29,10,1
2022-08-22 10:49:00 UTC,49,21.66628296,80.70960551,31,10,1
2022-08-22 10:50:00 UTC,50,24.63544858,80.41363018,42,10,1
2022-08-22 10:51:00 UTC,51,23.43121862,83.06310136,40,10,1
2022-08-22 10:52:00 UTC,52,20.0454142,80.3477562,24,10,1
2022-08-22 10:53:00 UTC,53,23.85724032,82.22572988,14,10,1
2022-08-22 10:54:00 UTC,54,21.97199397,81.89918197,31,10,1
2022-08-22 10:55:00 UTC,55,26.22916897,83.83625819,14,10,1
2022-08-22 10:56:00 UTC,56,23.44676801,84.79352417,14,10,1
2022-08-22 10:57:00 UTC,57,25.65553461,83.47021081,17,10,1
2022-08-22 10:58:00 UTC,58,24.44345477,82.45432595,15,10,1
2022-08-22 10:59:00 UTC,59,20.2801937,82.1235421,44,10,1
2022-08-22 11:00:00 UTC,60,21.7238313,80.2389895,12,10,1
2022-08-22 11:01:00 UTC,61,20.41447029,82.20802629,27,10,1
2022-08-22 11:02:00 UTC,62,25.75528612,83.51827127,41,10,1
2022-08-22 11:03:00 UTC,63,20.61521424,83.77345559,29,10,1
2022-08-22 11:04:00 UTC,64,21.84106875,80.72886384,41,10,1
2022-08-22 11:05:00 UTC,65,20.08369642,83.29114712,35,10,1
2022-08-22 11:06:00 UTC,66,24.45802087,82.74835604,30,10,1
2022-08-22 11:07:00 UTC,67,21.14347496,80.33502926,14,10,1
2022-08-22 11:08:00 UTC,68,25.78720567,82.11124033,20,10,1
2022-08-22 11:09:00 UTC,69,23.64124821,80.28597873,15,10,1
2022-08-22 11:10:00 UTC,70,23.43191632,80.56887849,19,10,1
2022-08-22 11:11:00 UTC,71,24.97669518,83.891805,40,10,1
2022-08-22 11:12:00 UTC,72,22.72791041,82.1706881,29,10,1
2022-08-22 11:13:00 UTC,73,24.87300744,82.84022551,13,10,1
2022-08-22 11:14:00 UTC,74,21.32376327,83.00320459,12,10,1
2022-08-22 11:15:00 UTC,75,26.29465461,84.56919326,32,10,1
2022-08-22 11:16:00 UTC,76,22.2286982,81.85872947,32,10,1
2022-08-22 11:17:00 UTC,77,26.73072391,81.78596776,26,10,1
2022-08-22 11:18:00 UTC,78,24.88921174,81.97927117,30,10,1
2022-08-22 11:19:00 UTC,79,26.88444878,81.46033732,39,10,1
2022-08-22 11:20:00 UTC,80,22.67846116,83.72874389,18,10,1
2022-08-22 11:21:00 UTC,81,26.08867875,80.37979919,25,10,1
2022-08-22 11:22:00 UTC,82,25.42977518,82.94682591,39,10,1
2022-08-22 11:23:00 UTC,83,26.40323239,81.05635517,17,10,1
2022-08-22 11:24:00 UTC,84,26.04371967,84.96907151,16,10,1
2022-08-22 11:25:00 UTC,85,25.2827223,80.54372813,45,10,1
2022-08-22 11:26:00 UTC,86,22.08576562,83.47038318,34,10,1
2022-08-22 11:27:00 UTC,87,23.28617173,81.43321641,22,10,1
2022-08-22 11:28:00 UTC,88,25.48591986,81.40633547,43,10,1
2022-08-22 11:29:00 UTC,89,23.67575393,81.03569343,15,10,1
2022-08-22 11:30:00 UTC,90,20.82477109,84.1341879,29,10,1
2022-08-22 11:31:00 UTC,91,26.92995077,81.91411159,16,10,1
2022-08-22 11:32:00 UTC,92,23.83509503,83.88387074,26,10,1
2022-08-22 11:33:00 UTC,93,26.52872817,80.12267476,15,10,1
2022-08-22 11:34:00 UTC,94,26.46428311,83.85642678,18,10,1
2022-08-22 11:35:00 UTC,95,22.69657794,82.81088865,44,10,1
2022-08-22 11:36:00 UTC,96,22.68319059,83.46358271,41,10,1
2022-08-22 11:37:00 UTC,97,21.53346343,82.14004101,35,10,1
2022-08-22 11:38:00 UTC,98,21.40865769,84.3293191,30,10,1
2022-08-22 11:39:00 UTC,99,26.54348085,84.67353597,18,10,1
2022-08-22 11:40:00 UTC,100,23.35905428,83.59512273,26,10,1
2022-08-22 11:41:00 UTC,101,22.61359953,63.69070564,42,10,0
2022-08-22 11:42:00 UTC,102,26.10018422,71.57476937,35,10,0
2022-08-22 11:43:00 UTC,103,23.55882094,71.59351368,19,10,0
2022-08-22 11:44:00 UTC,104,19.97215954,57.68272924,16,10,0
2022-08-22 11:45:00 UTC,105,18.47891261,62.69503871,18,10,0
2022-08-22 11:46:00 UTC,106,21.77689322,57.80840636,39,10,0
2022-08-22 11:47:00 UTC,107,25.6217169,66.50415474,23,10,0
2022-08-22 11:48:00 UTC,108,25.19192419,66.6902901,12,10,0
2022-08-22 11:49:00 UTC,109,20.41683147,62.5542482,27,10,0
2022-08-22 11:50:00 UTC,110,24.92162194,66.78627406,10,10,0
2022-08-22 11:51:00 UTC,111,23.31689124,73.4541537,39,10,0
2022-08-22 11:52:00 UTC,112,24.84016732,68.3584573,29,10,0
2022-08-22 11:53:00 UTC,113,22.27526694,58.84015925,25,10,0
2022-08-22 11:54:00 UTC,114,18.87751445,65.76816093,27,10,0
2022-08-22 11:55:00 UTC,115,25.19008683,60.2001687,29,10,0
2022-08-22 11:56:00 UTC,116,18.25405352,55.28220433,17,10,0
2022-08-22 11:57:00 UTC,117,24.6129118,70.4162444,20,10,0
2022-08-22 11:58:00 UTC,118,25.1420613,65.26185135,17,10,0
2022-08-22 11:59:00 UTC,119,23.09348056,60.1159381,10,10,0
2022-08-23 00:00:00 UTC,120,18.05033737,62.89366992,17,10,0
2022-08-23 00:01:00 UTC,121,24.9321581,73.80435276,33,10,0
2022-08-23 00:02:00 UTC,122,18.14710054,71.09445342,18,10,0
2022-08-23 00:03:00 UTC,123,18.28362235,66.65952796,40,10,0
2022-08-23 00:04:00 UTC,124,18.83344471,58.75082029,23,10,0
2022-08-23 00:05:00 UTC,125,25.71895816,67.22190688,15,10,0
2022-08-23 00:06:00 UTC,126,25.33797709,68.49835977,25,10,0
2022-08-23 11:07:00 UTC,127,23.89114571,57.48775781,20,10,0
2022-08-23 00:08:00 UTC,128,21.53574127,71.50905983,43,10,0
2022-08-23 00:09:00 UTC,129,23.08974909,63.10459626,32,10,0
2022-08-23 00:10:00 UTC,130,25.61707368,63.4711755,41,10,0
2022-08-23 00:11:00 UTC,131,21.44526922,63.1621551,37,10,0
2022-08-23 00:00:00 UTC,132,18.51816776,55.53128131,43,10,0
2022-08-23 00:13:00 UTC,133,22.53510514,67.99257471,43,10,0
2022-08-23 00:14:00 UTC,134,23.02038334,61.89472002,40,10,0
2022-08-23 00:15:00 UTC,135,24.89364635,65.61418761,43,10,0
2022-08-23 00:16:00 UTC,136,25.77175115,74.089114,23,10,0
2022-08-23 00:17:00 UTC,137,19.39851734,62.35750641,12,10,0
2022-08-23 00:18:00 UTC,138,21.54156232,59.64024162,13,10,0
2022-08-23 00:19:00 UTC,139,23.79746068,74.82913698,42,10,0
2022-08-23 00:20:00 UTC,140,18.9802729,74.52600826,39,10,0
2022-08-23 00:21:00 UTC,141,24.10859207,73.13112261,16,10,0
2022-08-23 00:22:00 UTC,142,24.7947077,70.04556743,38,10,0
2022-08-23 00:23:00 UTC,143,21.63162756,60.27766379,31,10,0
2022-08-23 00:24:00 UTC,144,25.37548751,57.21025565,37,10,0
2022-08-23 00:25:00 UTC,145,22.21738222,72.85462807,20,10,0
2022-08-23 00:26:00 UTC,146,20.58314011,69.00128641,37,10,0
2022-08-23 00:27:00 UTC,147,24.87502824,68.74248334,43,10,0
2022-08-23 00:28:00 UTC,148,20.03728219,56.35606753,44,10,0
2022-08-23 00:29:00 UTC,149,25.95263264,61.89082199,24,10,0
2022-08-23 00:29:00 UTC,150,19.28889933,65.47050802,20,10,0
2022-08-23 00:30:00 UTC,151,20.57981887,65.34583901,33,10,1
2022-08-23 00:31:00 UTC,152,24.71417533,56.73426469,14,12,1
2022-08-23 00:32:00 UTC,153,20.27317074,63.91281869,36,12,1
2022-08-23 00:33:00 UTC,154,18.41932981,64.23580251,37,12,1
2022-08-23 00:34:00 UTC,155,23.39128187,61.74427165,40,12,1
2022-08-23 00:35:00 UTC,156,19.84939404,61.24500053,27,12,1
2022-08-23 00:36:00 UTC,157,21.869274,61.91044947,42,12,1
2022-08-23 00:37:00 UTC,158,22.8056033,56.50768935,39,12,1
2022-08-23 00:38:00 UTC,159,19.0781471,69.02298571,17,12,1
2022-08-23 00:39:00 UTC,160,22.02720976,65.35549924,10,12,1
2022-08-23 00:40:00 UTC,161,23.80546189,59.24537979,18,12,1
2022-08-23 00:41:00 UTC,162,18.52510753,69.0276233,10,12,1
2022-08-23 00:42:00 UTC,163,23.50297882,61.32026065,29,12,1
2022-08-23 00:43:00 UTC,164,26.54986394,72.89187265,23,12,1
2022-08-23 00:44:00 UTC,165,19.29563411,69.63481219,28,12,1
2022-08-23 00:45:00 UTC,166,20.68899915,59.4375337,16,14,1
2022-08-23 00:46:00 UTC,167,19.32666088,68.034493,13,14,1
2022-08-23 00:47:00 UTC,168,24.60532218,73.58868502,36,14,1
2022-08-23 00:48:00 UTC,169,22.27373646,59.52193158,18,14,1
2022-08-23 00:49:00 UTC,170,25.70196694,61.33450447,30,14,1
2022-08-23 00:50:00 UTC,171,19.20129357,68.30578978,44,14,1
2022-08-23 00:51:00 UTC,172,21.70181447,60.47470519,39,14,1
2022-08-23 00:52:00 UTC,173,20.51716779,59.21235483,26,14,1
2022-08-23 00:53:00 UTC,174,23.30355338,73.62548442,42,14,1
2022-08-23 00:54:00 UTC,175,24.2547451,55.64709899,20,14,1
2022-08-23 00:55:00 UTC,176,24.86374934,65.7420046,10,14,1
2022-08-23 00:56:00 UTC,177,22.6265115,65.77472881,41,14,1
2022-08-23 00:57:00 UTC,178,18.04185513,60.61494304,20,14,1
2022-08-23 00:58:00 UTC,179,23.26237612,72.33125523,43,14,1
2022-08-23 00:59:00 UTC,180,22.88330922,71.59722446,28,14,1
2022-08-23 01:00:00 UTC,181,25.97482359,69.36385721,39,14,1
2022-08-23 01:01:00 UTC,182,26.14384005,66.20569924,10,14,1
2022-08-23 01:02:00 UTC,183,18.66116213,61.55327249,29,14,1
2022-08-23 01:03:00 UTC,184,25.10787449,55.97732754,40,14,1
2022-08-23 01:04:00 UTC,185,23.33844615,59.24580604,44,14,1
2022-08-23 01:05:00 UTC,186,25.08239719,65.92195844,21,14,1
2022-08-23 01:06:00 UTC,187,25.36768364,72.52054555,33,14,1
2022-08-23 01:07:00 UTC,188,25.34217103,63.31801994,28,14,1
2022-08-23 01:08:00 UTC,189,25.00933355,67.816568,19,14,1
2022-08-23 01:09:00 UTC,190,18.66746724,71.516474,19,14,1
2022-08-23 01:10:00 UTC,191,20.37999665,63.73849998,22,14,1
2022-08-23 01:11:00 UTC,192,18.09300227,72.61024172,36,14,1
2022-08-23 01:12:00 UTC,193,26.16985907,71.96246617,17,14,1
2022-08-23 01:13:00 UTC,194,18.65396672,61.37879671,35,14,1
2022-08-23 01:14:00 UTC,195,26.07470121,59.37147589,35,14,1
2022-08-23 01:15:00 UTC,196,18.92851916,72.80086137,13,14,1
2022-08-23 01:16:00 UTC,197,23.30546753,63.24648023,45,14,1
2022-08-23 01:18:00 UTC,198,18.74826712,62.49878458,42,14,1
2022-08-23 01:19:00 UTC,199,19.74213321,59.66263104,45,14,1
2022-08-23 01:20:00 UTC,200,25.73044432,70.74739256,10,14,1
2022-08-23 01:21:00 UTC,201,17.02498456,16.98861173,16,14,1
2022-08-23 01:22:00 UTC,202,19.02061277,17.13159126,18,14,1
2022-08-23 01:23:00 UTC,203,17.88776475,15.40589717,22,14,1
2022-08-23 01:24:00 UTC,204,18.86805647,15.65809214,32,14,1
2022-08-23 01:25:00 UTC,205,18.36952567,19.56381041,28,14,1
2022-08-23 01:25:00 UTC,206,20.45078582,15.40312102,23,14,1
2022-08-23 01:26:00 UTC,207,20.6543203,16.60820843,12,14,1
2022-08-23 01:27:00 UTC,208,17.3348681,18.74926979,35,14,1
2022-08-23 01:28:00 UTC,209,18.17912258,18.90426935,45,14,1
2022-08-23 01:29:00 UTC,210,18.01272266,18.30968112,11,14,1
2022-08-23 01:30:00 UTC,211,20.99373558,19.33470387,23,14,1
2022-08-23 01:31:00 UTC,212,19.46233971,15.22538951,34,14,1
2022-08-23 01:32:00 UTC,213,19.81344531,14.69765308,45,14,1
2022-08-23 01:33:00 UTC,214,18.97424756,19.5161216,33,14,1
2022-08-23 01:34:00 UTC,215,18.19737048,14.71070537,45,14,1
2022-08-23 01:35:00 UTC,216,18.72963144,19.18197264,25,14,1
2022-08-23 01:36:00 UTC,217,20.99502153,19.8601304,11,14,1
2022-08-23 01:37:00 UTC,218,20.28155898,16.39535215,41,14,1
2022-08-23 01:38:00 UTC,219,17.48042641,15.7559405,23,14,1
2022-08-23 01:39:00 UTC,220,20.88818675,14.32313811,18,14,1
2022-08-23 01:40:00 UTC,221,17.08498521,16.14565756,36,14,1
2022-08-23 01:41:00 UTC,222,20.09340593,15.11279612,33,14,1
2022-08-23 01:42:00 UTC,223,17.57212145,14.99927489,24,14,1
2022-08-23 01:43:00 UTC,224,19.12065218,18.43475844,15,14,1
2022-08-23 01:44:00 UTC,225,18.57665902,19.22008229,44,14,1
2022-08-23 01:45:00 UTC,226,17.16606398,14.42457525,13,14,1
2022-08-23 01:46:00 UTC,227,18.2872007,16.67921616,29,14,1
2022-08-23 01:47:00 UTC,228,19.03025305,18.66725565,14,14,1
2022-08-23 01:48:00 UTC,229,17.1418614,17.0662427,28,14,1
2022-08-23 01:49:00 UTC,230,17.47809436,17.93253975,31,14,1
2022-08-23 01:50:00 UTC,231,20.56601874,14.25803981,35,14,1
2022-08-23 01:51:00 UTC,232,17.22385224,15.82069268,32,14,1
2022-08-23 01:52:00 UTC,233,19.69141713,19.44225438,10,14,1
2022-08-23 01:53:00 UTC,234,17.84851658,19.09172907,21,14,1
2022-08-23 01:54:00 UTC,235,18.8202251,16.1074793,22,14,1
2022-08-23 01:55:00 UTC,236,17.47500984,16.54314829,21,14,1
2022-08-23 01:56:00 UTC,237,18.72649425,17.58406365,32,14,1
2022-08-23 01:57:00 UTC,238,18.65580107,16.17772668,11,14,1
2022-08-23 01:58:00 UTC,239,18.2356751,19.68538502,13,14,1
2022-08-23 01:59:00 UTC,240,18.81198127,15.21618225,38,14,1
2022-08-23 02:00:00 UTC,241,18.65054116,17.80852431,45,14,1
2022-08-23 02:01:00 UTC,242,20.36720401,16.89574311,39,14,1
2022-08-23 02:02:00 UTC,243,18.38120357,16.63805158,38,14,1
2022-08-23 02:03:00 UTC,244,17.17012591,17.30457712,38,14,1
2022-08-23 02:04:00 UTC,245,19.37101121,15.77458129,44,14,1
2022-08-23 02:05:00 UTC,246,17.92845928,14.27327988,27,14,1
2022-08-23 02:06:00 UTC,247,19.45339934,18.23490739,37,14,1
2022-08-23 02:07:00 UTC,248,19.12829388,14.92241479,29,14,1
2022-08-23 02:08:00 UTC,249,19.1034283,17.26184541,31,14,1
2022-08-23 02:09:00 UTC,250,17.48504075,16.96070581,42,14,1
2022-08-23 02:10:00 UTC,251,19.40751744,18.98030507,40,14,1
2022-08-23 02:11:00 UTC,252,20.18649426,19.63719995,24,14,1
2022-08-23 02:12:00 UTC,253,17.30287885,15.15405941,14,14,1
2022-08-23 02:13:00 UTC,254,17.50361137,15.48083156,31,14,1
2022-08-23 02:14:00 UTC,255,18.17234999,14.70085967,14,14,1
2022-08-23 02:15:00 UTC,256,17.57445618,16.71826572,14,14,1
2022-08-23 02:16:00 UTC,257,20.93175255,18.91295403,17,14,1
2022-08-23 02:17:00 UTC,258,19.71098332,17.63879418,15,14,1
2022-08-23 02:18:00 UTC,259,19.07937684,17.86754927,44,14,1
2022-08-23 02:19:00 UTC,260,18.54988627,16.02542689,12,14,1
2022-08-23 02:20:00 UTC,261,18.19903647,17.41333199,27,18,1
2022-08-23 02:21:00 UTC,262,18.88852533,14.99451145,41,21,1
2022-08-23 02:22:00 UTC,263,18.49311205,14.72115044,29,21,1
2022-08-23 02:22:00 UTC,264,19.48974337,17.17260319,41,21,1
2022-08-23 02:23:00 UTC,265,17.25769499,18.74943955,35,21,1
2022-08-23 02:24:00 UTC,266,19.62416326,18.71483156,30,21,1
2022-08-23 02:25:00 UTC,267,20.67526473,19.85388984,14,21,1
2022-08-23 02:26:00 UTC,268,20.02381489,16.63294455,20,21,1
2022-08-23 02:27:00 UTC,269,20.1187446,14.44228303,15,21,1
2022-08-23 02:28:00 UTC,270,20.65691793,15.84572566,19,21,1
2022-08-23 02:29:00 UTC,271,19.2582557,14.2804191,40,21,1
2022-08-23 02:30:00 UTC,272,17.927806,15.85622899,29,21,1
2022-08-23 02:31:00 UTC,273,19.16288268,15.83500655,13,21,1
2022-08-23 02:32:00 UTC,274,20.26942271,19.96978871,12,21,1
2022-08-23 02:33:00 UTC,275,17.09104223,18.25142068,32,21,1
2022-08-23 02:34:00 UTC,276,17.06579293,17.54024066,32,21,1
2022-08-23 02:35:00 UTC,277,20.62767492,14.44008871,26,21,1
2022-08-23 02:36:00 UTC,278,20.8248451,17.85057083,30,21,1
2022-08-23 02:37:00 UTC,279,19.46210401,18.72831993,39,21,1
2022-08-23 02:38:00 UTC,280,17.18248372,16.42891834,18,21,1
2022-08-23 02:39:00 UTC,281,17.48911699,16.39055394,25,21,1
2022-08-23 02:40:00 UTC,282,17.48395377,14.76014523,39,21,1
2022-08-23 02:41:00 UTC,283,19.48316794,17.44534641,17,21,1
2022-08-23 02:42:00 UTC,284,19.71359733,18.09665739,16,21,1
2022-08-23 02:43:00 UTC,285,19.48649305,16.06240074,45,21,1
2022-08-23 02:44:00 UTC,286,19.95264829,14.82633099,34,21,1
2022-08-23 02:45:00 UTC,287,19.41789736,16.80472243,22,21,1
2022-08-23 02:46:00 UTC,288,19.45591848,18.02235902,43,21,1
2022-08-23 02:47:00 UTC,289,20.19137759,16.41998269,15,21,1
2022-08-23 02:48:00 UTC,290,18.8392908,14.74071856,29,21,1
2022-08-23 02:49:00 UTC,291,20.71219282,19.83643308,16,21,1
2022-08-23 02:50:00 UTC,292,18.99424448,15.9362937,26,21,1
2022-08-23 02:51:00 UTC,293,19.96837462,15.57324389,15,21,1
2022-08-23 02:52:00 UTC,294,17.81564548,17.60756635,18,21,1
2022-08-23 02:53:00 UTC,295,20.71424384,15.27824066,44,21,1
2022-08-23 02:54:00 UTC,296,17.34150229,18.75626255,41,21,1
2022-08-23 02:55:00 UTC,297,17.43732714,14.33847406,35,21,1
2022-08-23 02:56:00 UTC,298,18.89780215,19.76182946,30,21,1
2022-08-23 02:57:00 UTC,299,18.59190771,14.77959596,18,21,1
2022-08-23 02:58:00 UTC,300,18.31561493,15.36143547,26,21,1
2022-08-23 02:59:00 UTC,301,17.13692774,20.59541693,42,21,0
2022-08-23 03:00:00 UTC,302,19.63474332,18.90705639,35,21,0
2022-08-23 03:01:00 UTC,303,22.91350245,21.33953114,19,21,0
2022-08-23 03:02:00 UTC,304,16.43340342,24.24045875,16,21,0
2022-08-23 03:03:00 UTC,305,22.13974653,23.02251117,18,21,0
2022-08-23 03:04:00 UTC,306,17.84806561,18.77621951,39,21,0
2022-08-23 03:05:00 UTC,307,19.88394011,20.31564139,23,21,0
2022-08-23 03:06:00 UTC,308,19.32509638,23.3334788,12,21,0
2022-08-23 03:07:00 UTC,309,18.4167001,23.42829938,27,21,0
2022-08-23 03:08:00 UTC,310,21.81167649,23.20591245,10,21,0
2022-08-23 03:09:00 UTC,311,19.72702528,18.28173015,39,21,0
2022-08-23 03:10:00 UTC,312,17.15432954,19.87070659,29,21,0
2022-08-23 03:11:00 UTC,313,19.62207826,18.67170854,25,21,0
2022-08-23 03:12:00 UTC,314,21.63149148,21.17919701,27,21,0
2022-08-23 03:13:00 UTC,315,16.06522754,18.72479695,29,21,0
2022-08-23 03:14:00 UTC,316,20.61162204,24.36314135,17,21,0
2022-08-23 03:15:00 UTC,317,21.42451099,20.39659714,20,21,0
2022-08-23 03:16:00 UTC,318,19.07096165,21.21092266,17,21,0
2022-08-23 03:17:00 UTC,319,21.18853178,19.63438599,10,21,0
2022-08-23 03:18:00 UTC,320,23.0429097,22.42610972,17,21,0
2022-08-23 03:19:00 UTC,321,20.65375833,23.10538637,33,21,0
2022-08-23 03:20:00 UTC,322,18.09551014,18.29318436,18,21,0
2022-08-23 03:21:00 UTC,323,18.23775702,21.07643273,40,21,0
2022-08-23 03:22:00 UTC,324,17.48189735,18.8251973,23,21,0
2022-08-23 03:23:00 UTC,325,19.9191786,21.47324158,15,21,0
2022-08-23 03:24:00 UTC,326,20.27514686,23.2353604,25,21,0
2022-08-23 03:25:00 UTC,327,15.77370214,19.2303162,20,21,0
2022-08-23 03:26:00 UTC,328,16.71170642,19.17651433,43,21,0
2022-08-23 03:27:00 UTC,329,17.66148158,18.15302753,32,21,0
2022-08-23 03:28:00 UTC,330,18.50692825,23.61670065,41,21,0
2022-08-23 03:29:00 UTC,331,24.51324787,20.81527638,37,21,0
2022-08-23 03:30:00 UTC,332,18.87614998,24.54038287,43,21,0
2022-08-23 03:31:00 UTC,333,21.59343016,20.31871249,43,21,0
2022-08-23 03:32:00 UTC,334,20.12373284,24.45202552,40,21,0
2022-08-23 03:33:00 UTC,335,15.43546065,18.37477907,43,21,0
2022-08-23 03:34:00 UTC,336,22.64236876,21.59396123,23,21,0
2022-08-23 03:35:00 UTC,337,21.98560799,24.87304788,12,21,0
2022-08-23 03:36:00 UTC,338,20.53052663,18.09224048,13,21,0
2022-08-23 03:37:00 UTC,339,15.78601387,21.14544088,42,21,0
2022-08-23 03:38:00 UTC,340,19.6365349,19.68751084,39,21,0
2022-08-23 03:39:00 UTC,341,20.57341244,19.7520218,16,21,0
2022-08-23 03:40:00 UTC,342,20.16080524,24.84207559,38,21,0
2022-08-23 03:41:00 UTC,343,21.53989176,24.25386207,31,21,0
2022-08-23 03:42:00 UTC,344,15.53834801,23.75560241,37,21,0
2022-08-23 03:43:00 UTC,345,19.91853092,20.70099804,20,21,0
2022-08-23 03:44:00 UTC,346,20.76952209,18.93146941,37,21,0
2022-08-23 03:45:00 UTC,347,23.46168338,23.22197648,43,21,0
2022-08-23 03:46:00 UTC,348,24.32116642,21.0278674,44,21,0
2022-08-23 03:47:00 UTC,349,20.12574053,24.96,24,21,0
2022-08-23 03:48:00 UTC,350,21.80619564,18.57086554,20,21,0
2022-08-23 03:49:00 UTC,351,19.52226241,24.92607153,33,21,1
2022-08-23 03:50:00 UTC,352,17.00067625,19.90790546,14,21,1
2022-08-23 03:51:00 UTC,353,16.78791503,24.96881755,36,21,1
2022-08-23 03:52:00 UTC,354,24.84906168,22.89464642,37,21,1
2022-08-23 03:53:00 UTC,355,16.51783455,20.4555,40,21,1
2022-08-23 03:54:00 UTC,356,18.15300153,19.38602098,27,21,1
2022-08-23 03:55:00 UTC,357,23.18864385,22.3104551,42,21,1
2022-08-23 03:56:00 UTC,358,23.38002569,21.98879437,39,21,1
2022-08-23 03:57:00 UTC,359,18.358923,19.37703396,17,21,1
2022-08-23 03:58:00 UTC,360,19.25975367,20.513,10,21,1
2022-08-23 03:59:00 UTC,361,22.95458237,24.03553105,18,21,1
2022-08-23 04:00:00 UTC,362,20.120043,22.89845607,10,21,1
2022-08-23 04:01:00 UTC,363,21.14011423,22.7182355,29,21,1
2022-08-23 04:02:00 UTC,364,24.92360104,18.22590825,23,21,1
2022-08-23 04:03:00 UTC,365,15.33042636,24.91506728,28,21,1
2022-08-23 04:04:00 UTC,366,18.81097271,21.27833035,16,21,1
2022-08-23 04:05:00 UTC,367,23.44260668,22.77255917,13,21,1
2022-08-23 04:06:00 UTC,368,22.8352024,18.97267518,36,21,1
2022-08-23 04:07:00 UTC,369,24.9035819,22.27512704,18,21,1
2022-08-23 04:08:00 UTC,370,23.78709569,24.35679348,30,23,1
2022-08-23 04:09:00 UTC,371,22.05592283,19.60379304,44,23,1
2022-08-23 04:10:00 UTC,372,18.87492997,20.18238348,39,23,1
2022-08-23 04:11:00 UTC,373,18.62328774,23.02410338,26,23,1
2022-08-23 04:12:00 UTC,374,23.00884744,18.86880997,42,23,1
2022-08-23 04:13:00 UTC,375,19.33162606,24.13995025,20,23,1
2022-08-23 04:14:00 UTC,376,16.24469193,21.35793891,10,23,1
2022-08-23 04:15:00 UTC,377,17.91652287,24.90814655,41,23,1
2022-08-23 04:16:00 UTC,378,15.46789263,21.43780702,20,23,1
2022-08-23 04:17:00 UTC,379,17.06104474,23.77201471,43,23,1
2022-08-23 04:18:00 UTC,380,21.32776028,18.48522915,28,23,1
2022-08-23 04:19:00 UTC,381,23.90910104,20.74619325,39,23,1
2022-08-23 04:20:00 UTC,382,23.89756791,22.74378977,10,23,1
2022-08-23 04:21:00 UTC,383,22.98666928,20.57940608,29,23,1
2022-08-23 04:22:00 UTC,384,21.35135729,22.91244883,40,23,1
2022-08-23 04:23:00 UTC,385,24.1638445,19.27907819,44,23,1
2022-08-23 04:24:00 UTC,386,24.62835037,18.18325169,21,23,1
2022-08-23 04:25:00 UTC,387,21.02213209,24.93896255,33,23,1
2022-08-23 04:26:00 UTC,388,17.30844532,20.01730914,28,23,1
2022-08-23 04:27:00 UTC,389,23.82576704,24.75485098,19,23,1
2022-08-23 04:28:00 UTC,390,19.30607278,23.96362799,19,23,1
2022-08-23 04:29:00 UTC,391,16.03768615,22.33195853,22,23,1
2022-08-23 04:30:00 UTC,392,19.18572809,20.83398341,36,23,1
2022-08-23 04:31:00 UTC,393,19.92889503,21.79992115,17,23,1
2022-08-23 04:32:00 UTC,394,19.56376468,24.67385131,35,23,1
2022-08-23 04:33:00 UTC,395,18.31357543,24.32991649,35,23,1
2022-08-23 04:34:00 UTC,396,20.10993761,23.22323766,13,23,1
2022-08-23 04:35:00 UTC,397,23.60506572,21.90539577,45,23,1
2022-08-23 04:36:00 UTC,398,19.73136909,24.89487354,42,23,1
2022-08-23 04:37:00 UTC,399,20.93409877,21.1893007,45,23,1
2022-08-23 04:38:00 UTC,400,18.78226261,20.24768314,46,23,1
2022-08-23 04:39:00 UTC,401,36.51268371,57.92887167,46,23,1
2022-08-23 04:40:00 UTC,402,36.89163721,62.73178224,46,23,1
2022-08-23 04:41:00 UTC,403,29.23540524,59.38967583,46,23,1
2022-08-23 04:42:00 UTC,404,27.33534897,43.35795962,46,23,1
2022-08-23 04:43:00 UTC,405,21.0643684,55.46985938,46,23,1
2022-08-23 04:44:00 UTC,406,30.33276599,42.35249879,46,23,1
2022-08-23 04:45:00 UTC,407,31.80130272,45.03186173,46,23,1
2022-08-23 04:46:00 UTC,408,33.18184225,38.23184742,46,23,1
2022-08-23 04:47:00 UTC,409,29.38538562,63.47742011,46,23,1
2022-08-23 04:48:00 UTC,410,30.27374995,67.38680755,46,23,1
2022-08-23 04:49:00 UTC,411,35.45790488,68.75810535,46,23,1
2022-08-23 04:50:00 UTC,412,33.80020039,40.03262418,46,23,1
2022-08-23 04:51:00 UTC,413,28.69180475,49.47225353,46,23,1
2022-08-23 04:52:00 UTC,414,31.24021696,56.67369054,46,23,1
2022-08-23 04:53:00 UTC,415,28.98039357,57.23265151,46,23,1
2022-08-23 04:54:00 UTC,416,27.32198928,34.13737127,46,23,1
2022-08-23 04:55:00 UTC,417,21.47607807,38.80023714,46,23,1
2022-08-23 04:56:00 UTC,418,18.31910448,34.69776639,46,23,1
2022-08-23 04:57:00 UTC,419,36.97794384,37.73992903,46,23,1
2022-08-23 04:58:00 UTC,420,24.80467592,40.1242747,46,23,1
2022-08-23 04:59:00 UTC,421,19.3479443,55.96805489,46,23,1
2022-08-23 05:00:00 UTC,422,28.88302142,50.12323801,46,23,1
2022-08-23 05:01:00 UTC,423,19.54314136,47.19188279,46,23,1
2022-08-23 05:02:00 UTC,424,24.7741949,50.54621094,46,23,1
2022-08-23 05:03:00 UTC,425,18.33124824,38.40975482,46,23,1
2022-08-23 05:04:00 UTC,426,19.14729038,45.3733757,46,23,1
2022-08-23 05:05:00 UTC,427,28.23416057,49.4421345,46,23,1
2022-08-23 05:06:00 UTC,428,30.11812084,34.13307843,46,23,1
2022-08-23 05:07:00 UTC,429,33.4126864,35.42910045,46,23,1
2022-08-23 05:08:00 UTC,430,24.18553163,46.68746847,46,23,1
2022-08-23 05:09:00 UTC,431,26.88630675,41.69617915,46,23,1
2022-08-23 05:10:00 UTC,432,31.33170829,57.97429171,46,23,1
2022-08-23 05:11:00 UTC,433,33.30711818,67.07780816,46,23,1
2022-08-23 05:12:00 UTC,434,23.45379018,46.48714759,46,23,1
2022-08-23 05:13:00 UTC,435,34.53823889,39.04468913,46,23,1
2022-08-23 05:14:00 UTC,436,19.50112224,34.51086611,46,23,1
2022-08-23 05:15:00 UTC,437,28.76794904,37.57792132,46,23,1
2022-08-23 05:16:00 UTC,438,30.97758716,32.24914235,46,23,1
2022-08-23 05:17:00 UTC,439,18.39759147,36.82639309,46,23,1
2022-08-23 05:18:00 UTC,440,35.09357419,30.98685456,46,23,1
2022-08-23 05:19:00 UTC,441,34.93174223,30.40046769,46,23,1
2022-08-23 05:20:00 UTC,442,29.50523036,35.72032498,46,23,1
2022-08-23 05:21:00 UTC,443,34.51934775,47.52980027,46,23,1
2022-08-23 05:22:00 UTC,444,28.43430726,52.10010827,46,23,1
2022-08-23 05:23:00 UTC,445,18.41645629,34.80541039,46,23,1
2022-08-23 05:24:00 UTC,446,31.07508973,47.19847683,46,23,1
2022-08-23 05:25:00 UTC,447,20.89342749,46.24856523,46,23,1
2022-08-23 05:26:00 UTC,448,30.90607799,52.79913039,46,23,1
2022-08-23 05:27:00 UTC,449,27.9348279,66.45457122,46,23,1
2022-08-23 05:28:00 UTC,450,35.95176642,36.52780776,46,23,1
2022-08-23 05:29:00 UTC,451,19.54317155,56.92831399,46,23,1
2022-08-23 05:30:00 UTC,452,19.63736208,32.31528909,46,23,1
2022-08-23 05:31:00 UTC,453,31.2192752,56.46868874,46,23,1
2022-08-23 05:32:00 UTC,454,33.50876355,45.70976142,46,23,1
2022-08-23 05:33:00 UTC,455,24.80710166,45.01110015,46,23,1
2022-08-23 05:34:00 UTC,456,36.20970524,31.94550613,46,23,1
2022-08-23 05:35:00 UTC,457,30.50420876,35.48885969,46,23,1
2022-08-23 05:36:00 UTC,458,26.01630259,49.94704718,46,23,1
2022-08-23 05:37:00 UTC,459,31.48469278,35.6395615,46,23,1
2022-08-23 05:38:00 UTC,460,23.15122581,34.001,46,23,1
2022-08-23 05:39:00 UTC,461,23.50222822,51.29019509,46,23,1
2022-08-23 05:40:00 UTC,462,34.87248659,38.8,46,23,1
2022-08-23 05:41:00 UTC,463,28.09269012,44.93322042,46,23,1
2022-08-23 05:42:00 UTC,464,24.54757829,57.3414485,46,23,1
2022-08-23 05:43:00 UTC,465,33.64769646,48.41490082,46,23,1
2022-08-23 05:44:00 UTC,466,20.5591255,60.54880693,46,23,1
2022-08-23 05:45:00 UTC,467,19.95991719,59.33157782,46,23,1
2022-08-23 05:46:00 UTC,468,28.87667593,62.4901206,46,23,1
2022-08-23 05:47:00 UTC,469,36.04353699,43.61444121,46,23,1
2022-08-23 05:48:00 UTC,470,23.6734328,47.2879691,46,23,1
2022-08-23 05:49:00 UTC,471,25.74679443,40.7192594,46,23,1
2022-08-23 05:50:00 UTC,472,31.08564994,66.68832981,46,23,1
2022-08-23 05:51:00 UTC,473,18.72987676,61.33186249,46,23,1
2022-08-23 05:52:00 UTC,474,29.50304807,63.46513414,46,23,1
2022-08-23 05:53:00 UTC,475,20.43517772,39.37252634,46,23,1
2022-08-23 05:54:00 UTC,476,36.00415838,56.01334416,46,23,1
2022-08-23 05:55:00 UTC,477,31.46846241,35.39454002,46,23,1
2022-08-23 05:56:00 UTC,478,36.30049702,56.03021253,46,23,1
2022-08-23 05:57:00 UTC,479,29.49096726,67.10604388,46,23,1
2022-08-23 05:58:00 UTC,480,30.5753044,34.75591197,46,23,1
2022-08-23 05:59:00 UTC,481,24.69487673,59.96669215,46,23,1
2022-08-23 06:00:00 UTC,482,23.17409556,36.67847052,46,23,1
2022-08-23 06:01:00 UTC,483,19.04380471,33.10695144,46,23,1
2022-08-23 06:02:00 UTC,484,29.32379604,45.93248374,46,23,1
2022-08-23 06:03:00 UTC,485,34.6455408,54.32342534,46,23,1
2022-08-23 06:04:00 UTC,486,21.9989826,56.31006755,46,23,1
2022-08-23 06:05:00 UTC,487,22.99774444,60.24218572,46,23,1
2022-08-23 06:06:00 UTC,488,30.55992394,35.29006485,46,23,1
2022-08-23 06:07:00 UTC,489,31.46417866,48.17631461,46,23,1
2022-08-23 06:08:00 UTC,490,25.95058595,40.58227261,46,23,1
2022-08-23 06:09:00 UTC,491,21.01142393,69.69141302,46,23,1
2022-08-23 06:10:00 UTC,492,19.25100056,47.70351758,46,23,1
2022-08-23 06:11:00 UTC,493,19.24462755,50.54495302,46,23,1
2022-08-23 06:12:00 UTC,494,22.47253208,62.56532471,46,23,1
2022-08-23 06:13:00 UTC,495,36.75087487,58.25799145,46,23,1
2022-08-23 06:14:00 UTC,496,29.89286629,66.35375127,46,23,1
2022-08-23 06:15:00 UTC,497,29.37735586,44.82294584,46,27,1
2022-08-23 06:16:00 UTC,498,29.65052947,42.89833235,46,27,1
2022-08-23 06:17:00 UTC,499,19.54284889,66.34777265,46,27,1
2022-08-23 06:18:00 UTC,500,20.04611791,48.93905624,46,27,1
2022-08-23 06:19:00 UTC,501,27.91095209,64.70930606,46,27,1
2022-08-23 06:20:00 UTC,502,27.32220619,51.27868781,46,27,1
2022-08-23 06:21:00 UTC,503,28.66024187,59.3189118,46,27,1
2022-08-23 06:22:00 UTC,504,29.02955344,61.09387478,46,27,1
2022-08-23 06:23:00 UTC,505,27.78031515,54.65030015,46,27,1
2022-08-23 06:24:00 UTC,506,31.99928579,54.1077461,46,27,1
2022-08-23 06:25:00 UTC,507,27.33580911,55.27755933,46,27,1
2022-08-23 06:26:00 UTC,508,28.92952635,53.57014709,46,27,1
2022-08-23 06:27:00 UTC,509,27.65472156,58.59986279,46,27,1
2022-08-23 06:28:00 UTC,510,28.52396666,55.77264351,46,27,1
2022-08-23 06:29:00 UTC,511,31.02215872,45.89239456,46,27,1
2022-08-23 06:30:00 UTC,512,25.74095321,45.38497051,46,27,1
2022-08-23 06:31:00 UTC,513,31.70447482,56.85420099,46,27,1
2022-08-23 06:32:00 UTC,514,24.47876451,58.51663927,46,27,1
2022-08-23 06:33:00 UTC,515,31.46511256,51.79939437,46,27,1
2022-08-23 06:34:00 UTC,516,25.60973447,50.7330069,46,27,1
2022-08-23 06:35:00 UTC,517,30.30260453,47.18283631,46,27,1
2022-08-23 06:36:00 UTC,518,28.17489437,43.6672299,46,27,1
2022-08-23 06:37:00 UTC,519,25.50634557,44.8302551,46,27,1
2022-08-23 06:38:00 UTC,520,31.12896766,43.58788762,46,27,1
2022-08-23 06:39:00 UTC,521,26.34043268,55.59160391,46,27,1
2022-08-23 06:40:00 UTC,522,28.23494706,61.5620517,46,27,1
2022-08-23 06:41:00 UTC,523,27.04453473,49.32609633,46,27,1
2022-08-23 06:42:00 UTC,524,25.16125354,55.25435777,46,27,1
2022-08-23 06:43:00 UTC,525,27.3179125,51.66921088,46,27,1
2022-08-23 06:44:00 UTC,526,25.4123765,49.66474269,46,27,1
2022-08-23 06:45:00 UTC,527,31.21629982,46.01868196,46,27,1
2022-08-23 06:46:00 UTC,528,30.573999,58.22686794,46,27,1
2022-08-23 06:47:00 UTC,529,25.42517036,53.2208266,46,27,1
2022-08-23 06:48:00 UTC,530,27.09400578,43.65305437,46,27,1
2022-08-23 06:49:00 UTC,531,24.30935081,56.32938343,46,27,1
2022-08-23 06:50:00 UTC,532,30.06142622,45.90067655,46,27,1
2022-08-23 06:51:00 UTC,533,28.09568993,60.9835384,46,27,1
2022-08-23 06:52:00 UTC,534,26.33908791,40.00933429,46,27,1
2022-08-23 06:53:00 UTC,535,28.61409059,57.14218792,46,27,1
2022-08-23 06:54:00 UTC,536,28.70012137,44.359648,46,27,1
2022-08-23 06:55:00 UTC,537,24.21610338,59.79236306,46,27,1
2022-08-23 06:56:00 UTC,538,28.50677929,45.20094476,46,27,1
2022-08-23 06:57:00 UTC,539,25.97948991,64.95585424,46,27,1
2022-08-23 06:58:00 UTC,540,30.88482722,41.36561835,46,27,1
2022-08-23 06:59:00 UTC,541,25.5042419,61.66852372,46,27,1
2022-08-23 07:00:00 UTC,542,25.12528913,51.33189406,46,27,1
2022-08-23 07:01:00 UTC,543,27.10508014,63.56791363,46,27,1
2022-08-23 07:02:00 UTC,544,31.1006247,44.82069159,46,27,1
2022-08-23 07:03:00 UTC,545,26.45707778,56.40226277,46,27,1
2022-08-23 07:04:00 UTC,546,30.04132304,63.56222995,46,27,1
2022-08-23 07:05:00 UTC,547,27.77799528,54.82130787,46,27,1
2022-08-23 07:06:00 UTC,548,30.99256944,43.02151392,46,27,1
2022-08-23 07:07:00 UTC,549,26.4908332,47.36534833,46,27,1
2022-08-23 07:08:00 UTC,550,31.96987867,57.17377029,46,27,1
2022-08-23 07:09:00 UTC,551,25.36140526,46.82652785,46,27,1
2022-08-23 07:10:00 UTC,552,25.54249137,56.96640758,46,27,1
2022-08-23 07:11:00 UTC,553,28.99319096,62.85948245,46,27,1
2022-08-23 07:12:00 UTC,554,29.34317422,60.50320928,46,27,1
2022-08-23 07:13:00 UTC,555,28.63618921,61.39451307,46,27,1
2022-08-23 07:14:00 UTC,556,24.83206631,44.17085032,46,27,1
2022-08-23 07:15:00 UTC,557,25.44689075,58.55363573,46,27,1
2022-08-23 07:16:00 UTC,558,31.01274943,62.40392519,46,27,1
2022-08-23 07:17:00 UTC,559,27.06179658,52.3003173,46,27,1
2022-08-23 07:18:00 UTC,560,27.0956288,42.26206161,46,27,1
2022-08-23 07:19:00 UTC,561,28.56800579,57.30636014,46,27,1
2022-08-23 07:20:00 UTC,562,28.79929247,49.84213387,46,27,1
2022-08-23 07:21:00 UTC,563,27.94293692,45.41393636,46,27,1
2022-08-23 07:22:00 UTC,564,30.47757686,61.58245338,46,27,1
2022-08-23 07:23:00 UTC,565,30.58139475,50.77148138,46,27,1
2022-08-23 07:24:00 UTC,566,26.85911286,41.81420849,46,27,1
2022-08-23 07:25:00 UTC,567,26.31051759,61.18749126,46,27,1
2022-08-23 07:26:00 UTC,568,28.77833449,44.2252605,46,27,1
2022-08-23 07:27:00 UTC,569,28.90245417,43.35365671,46,27,1
2022-08-23 07:28:00 UTC,570,29.37687468,57.69622912,46,27,1
2022-08-23 07:29:00 UTC,571,24.17093241,58.25204566,46,27,1
2022-08-23 07:30:00 UTC,572,26.65333029,59.79023382,46,27,1
2022-08-23 07:31:00 UTC,573,28.19912143,53.50567601,46,27,1
2022-08-23 07:32:00 UTC,574,28.76488954,52.62741529,46,27,1
2022-08-23 07:33:00 UTC,575,29.3499706,61.25353851,46,27,1
2022-08-23 07:34:00 UTC,576,28.00937423,52.60950014,46,27,1
2022-08-23 07:35:00 UTC,577,26.85851927,48.8246387,46,27,1
2022-08-23 07:36:00 UTC,578,31.2123945,40.92604945,46,27,1
2022-08-23 07:37:00 UTC,579,24.20422636,61.43378674,46,27,1
2022-08-23 07:38:00 UTC,580,29.98835437,49.60384796,46,27,1
2022-08-23 07:39:00 UTC,581,29.93964907,54.61813464,46,27,1
2022-08-23 07:40:00 UTC,582,31.2119298,41.55934359,46,27,1
2022-08-23 07:41:00 UTC,583,26.80474415,48.23991436,46,27,1
2022-08-23 07:42:00 UTC,584,31.49398069,62.84916863,46,27,1
2022-08-23 07:43:00 UTC,585,30.99694676,46.42693735,46,27,1
2022-08-23 07:44:00 UTC,586,29.61253065,63.04749127,46,27,1
2022-08-23 07:45:00 UTC,587,29.97604322,57.03184356,46,27,1
2022-08-23 07:46:00 UTC,588,30.88883074,52.62696801,46,27,1
2022-08-23 07:47:00 UTC,589,30.39321309,60.16299493,46,27,1
2022-08-23 07:48:00 UTC,590,30.43683729,55.20522037,46,27,1
2022-08-23 07:49:00 UTC,591,25.32688786,63.18180319,46,27,1
2022-08-23 07:50:00 UTC,592,30.53684308,59.96664731,46,27,1
2022-08-23 07:51:00 UTC,593,30.38257873,40.5926071,46,27,1
2022-08-23 07:52:00 UTC,594,24.01825377,53.76623369,46,27,1
2022-08-23 07:53:00 UTC,595,28.69841277,61.14754363,46,27,1
2022-08-23 07:54:00 UTC,596,29.33743412,49.00323081,46,27,1
2022-08-23 07:55:00 UTC,597,27.96583691,61.34900107,46,27,1
2022-08-23 07:56:00 UTC,598,24.86803974,48.27531965,46,27,1
2022-08-23 07:57:00 UTC,599,25.87682261,45.96341933,46,27,1
2022-08-23 07:58:00 UTC,600,31.01963639,49.9767522,46,27,1
2022-08-23 07:59:00 UTC,601,27.43329405,87.80507732,46,27,1
2022-08-23 08:00:00 UTC,602,28.3340432,80.77275974,46,27,1
2022-08-23 08:01:00 UTC,603,27.01470397,84.34262707,46,27,1
2022-08-23 08:02:00 UTC,604,28.17432665,81.04554836,46,27,1
2022-08-23 08:03:00 UTC,605,29.87888063,87.32761241,46,27,1
2022-08-23 08:04:00 UTC,606,29.89232778,89.71503316,46,27,1
2022-08-23 08:05:00 UTC,607,28.56212158,83.24855855,46,27,1
2022-08-23 08:06:00 UTC,608,27.53592929,85.5701901,46,27,1
2022-08-23 08:07:00 UTC,609,29.68361658,87.93598094,46,27,1
2022-08-23 08:08:00 UTC,610,28.14448546,82.1193047,46,27,1
2022-08-23 08:09:00 UTC,611,29.53037621,86.73346018,46,27,1
2022-08-23 08:10:00 UTC,612,27.88352946,86.45147631,46,27,1
2022-08-23 08:11:00 UTC,613,28.22471276,82.35916228,46,27,1
2022-08-23 08:12:00 UTC,614,29.008124,84.96089355,46,27,1
2022-08-23 08:13:00 UTC,615,29.75538903,86.45193297,46,27,1
2022-08-23 08:14:00 UTC,616,29.78416743,85.16906976,46,27,1
2022-08-23 08:15:00 UTC,617,27.8640132,80.4513142,46,27,1
2022-08-23 08:16:00 UTC,618,27.11026483,84.96771717,46,27,1
2022-08-23 08:17:00 UTC,619,27.11030369,83.64274107,46,27,1
2022-08-23 08:18:00 UTC,620,28.95451232,89.07866095,46,27,1
2022-08-23 08:19:00 UTC,621,29.21780035,87.93724219,46,27,1
2022-08-23 08:20:00 UTC,622,28.7420098,85.81675947,46,27,1
2022-08-23 08:21:00 UTC,623,29.65021184,80.29868321,46,27,1
2022-08-23 08:22:00 UTC,624,27.23924995,86.404241,46,27,1
2022-08-23 08:23:00 UTC,625,28.95172351,81.67085323,46,27,1
2022-08-23 08:24:00 UTC,626,28.18837136,82.60629652,46,27,1
2022-08-23 08:25:00 UTC,627,28.30041493,86.20681554,46,27,1
2022-08-23 08:26:00 UTC,628,27.89636126,88.71782287,46,27,1
2022-08-23 08:27:00 UTC,629,28.6899851,87.50436797,52,27,1
2022-08-23 08:28:00 UTC,630,27.8262623,88.73100226,52,27,1
2022-08-23 08:29:00 UTC,631,28.70562673,81.59200689,52,27,1
2022-08-23 08:30:00 UTC,632,28.6362812,84.61431076,52,27,1
2022-08-23 08:31:00 UTC,633,28.28511547,88.4393979,52,27,1
2022-08-23 08:32:00 UTC,634,27.60887393,86.13316408,52,27,1
2022-08-23 08:33:00 UTC,635,28.60901145,86.99495766,52,27,1
2022-08-23 08:34:00 UTC,636,29.24598976,84.80084105,52,27,1
2022-08-23 08:35:00 UTC,637,28.62911222,89.1148059,52,27,1
2022-08-23 08:36:00 UTC,638,29.57329479,88.07505524,52,27,1
2022-08-23 08:37:00 UTC,639,27.82684262,87.16679147,52,27,1
2022-08-23 08:38:00 UTC,640,29.8757015,83.14796296,52,27,1
2022-08-23 08:39:00 UTC,641,27.33684386,88.50229102,52,27,1
2022-08-23 08:40:00 UTC,642,29.83040388,89.30428305,52,27,1
2022-08-23 08:41:00 UTC,643,28.2753171,82.76020821,52,27,1
2022-08-23 08:42:00 UTC,644,29.86860065,85.99127934,52,27,1
2022-08-23 08:43:00 UTC,645,29.5888162,89.9939693,52,27,1
2022-08-23 08:44:00 UTC,646,28.07219563,82.9116472,52,27,1
2022-08-23 08:45:00 UTC,647,27.84026517,89.99615558,52,27,1
2022-08-23 08:46:00 UTC,648,27.10818093,87.4512669,52,27,1
2022-08-23 08:47:00 UTC,649,27.68515114,81.94268594,52,27,1
2022-08-23 08:48:00 UTC,650,29.34594634,85.60472562,52,27,1
2022-08-23 08:49:00 UTC,651,28.36319404,84.8593608,52,27,1
2022-08-23 08:50:00 UTC,652,27.65280218,89.80650642,52,27,1
2022-08-23 08:51:00 UTC,653,27.31372793,85.44815232,52,27,1
2022-08-23 08:52:00 UTC,654,27.06909959,86.89934108,52,27,1
2022-08-23 08:53:00 UTC,655,28.06642822,85.91625451,52,27,1
2022-08-23 08:54:00 UTC,656,27.73329078,81.13903037,52,27,1
2022-08-23 08:55:00 UTC,657,27.53632932,89.92908171,52,27,1
2022-08-23 08:56:00 UTC,658,29.66461594,84.28187572,52,27,1
2022-08-23 08:57:00 UTC,659,29.9145443,85.85384444,52,27,1
2022-08-23 08:58:00 UTC,660,28.36363858,87.59810657,52,27,1
2022-08-23 08:59:00 UTC,661,29.46416042,87.60890009,52,27,1
2022-08-23 09:00:00 UTC,662,29.73013036,82.89166381,52,27,1
2022-08-23 09:01:00 UTC,663,27.46852989,87.17649,52,27,1
2022-08-23 09:02:00 UTC,664,27.77076285,87.09979549,52,27,1
2022-08-23 09:03:00 UTC,665,29.12939524,88.48312598,52,27,1
2022-08-23 09:04:00 UTC,666,27.10606808,89.89593328,52,27,1
2022-08-23 09:05:00 UTC,667,28.88078945,86.94206817,52,27,1
2022-08-23 09:06:00 UTC,668,28.14720892,83.8001509,52,27,1
2022-08-23 09:07:00 UTC,669,29.89129144,80.14487166,52,27,1
2022-08-23 09:08:00 UTC,670,27.41503453,80.98004661,52,27,1
2022-08-23 09:09:00 UTC,671,29.27308605,89.4875022,52,27,1
2022-08-23 09:10:00 UTC,672,29.65296893,88.48587386,52,27,1
2022-08-23 09:11:00 UTC,673,28.44524991,82.67639542,52,27,1
2022-08-23 09:12:00 UTC,674,27.96235681,83.97586797,52,27,1
2022-08-23 09:13:00 UTC,675,29.25649321,81.97952224,52,27,1
2022-08-23 09:14:00 UTC,676,28.36291385,88.00989267,52,27,1
2022-08-23 09:15:00 UTC,677,27.62749466,86.49366929,52,27,1
2022-08-23 09:16:00 UTC,678,28.66086349,86.12194568,53,27,1
2022-08-23 09:17:00 UTC,679,29.2114218,87.11497805,53,27,1
2022-08-23 09:18:00 UTC,680,29.40889385,86.16063492,53,27,1
2022-08-23 09:19:00 UTC,681,28.02952623,84.8845732,53,27,1
2022-08-23 09:20:00 UTC,682,28.08657178,80.35005927,53,27,1
2022-08-23 09:21:00 UTC,683,29.16174608,80.28038146,53,27,1
2022-08-23 09:22:00 UTC,684,29.8596912,80.03499648,53,27,1
2022-08-23 09:23:00 UTC,685,29.06631494,83.6869203,53,27,1
2022-08-23 09:24:00 UTC,686,27.38538997,88.66663953,53,27,1
2022-08-23 09:25:00 UTC,687,27.93034941,85.42058715,53,27,1
2022-08-23 09:26:00 UTC,688,29.2808618,81.8009244,53,27,1
2022-08-23 09:27:00 UTC,689,28.9973145,83.78911515,53,27,1
2022-08-23 09:28:00 UTC,690,27.92678579,86.5543196,53,27,1
2022-08-23 09:29:00 UTC,691,28.5474135,88.9570454,53,27,1
2022-08-23 09:30:00 UTC,692,29.36488409,89.1886954,53,27,1
2022-08-23 09:31:00 UTC,693,28.56149805,83.63802195,53,27,1
2022-08-23 09:32:00 UTC,694,28.43683487,87.91332682,53,27,1
2022-08-23 09:33:00 UTC,695,28.79728147,80.45744422,53,27,1
2022-08-23 09:34:00 UTC,696,28.7275267,89.12760359,53,27,1
2022-08-23 09:35:00 UTC,697,27.95639663,83.52706038,53,27,1
2022-08-23 09:36:00 UTC,698,28.17458662,83.69659318,53,27,1
2022-08-23 09:37:00 UTC,699,28.77653519,86.69133979,53,27,1
2022-08-23 09:38:00 UTC,700,28.438097,83.48991368,53,27,1
2022-08-23 09:39:00 UTC,701,29.48439992,63.19915325,53,27,1
2022-08-23 09:40:00 UTC,702,26.73433965,68.13999721,53,27,1
2022-08-23 09:41:00 UTC,703,26.27274407,62.28814857,53,27,1
2022-08-23 09:42:00 UTC,704,34.03679184,67.21113844,53,27,1
2022-08-23 09:43:00 UTC,705,28.03644051,65.06601664,53,27,1
2022-08-23 09:44:00 UTC,706,28.81460716,65.33538112,53,27,1
2022-08-23 09:45:00 UTC,707,34.03619494,64.28791388,53,27,1
2022-08-23 09:46:00 UTC,708,33.8642935,61.57072498,53,27,1
2022-08-23 09:47:00 UTC,709,32.84213012,68.68401492,53,27,1
2022-08-23 09:48:00 UTC,710,27.10053268,63.36085585,53,27,1
2022-08-23 09:49:00 UTC,711,25.65842532,61.18235808,53,27,1
2022-08-23 09:50:00 UTC,712,32.34744009,66.61452812,53,27,1
2022-08-23 09:51:00 UTC,713,29.58949031,68.32176769,53,27,1
2022-08-23 09:52:00 UTC,714,30.91219459,68.79427388,53,27,1
2022-08-23 09:53:00 UTC,715,28.12787838,64.2097765,53,27,1
2022-08-23 09:54:00 UTC,716,30.08545364,69.34811988,53,27,1
2022-08-23 09:55:00 UTC,717,31.74379487,62.51007687,53,27,1
2022-08-23 09:56:00 UTC,718,27.81326852,62.50460464,53,27,1
2022-08-23 09:57:00 UTC,719,32.88733849,64.59457409,53,22,1
2022-08-23 09:58:00 UTC,720,29.36358721,64.98742947,53,22,1
2022-08-23 09:59:00 UTC,721,27.82592799,67.5861883,53,22,1
2022-08-23 10:00:00 UTC,722,28.49538735,60.44848407,53,22,1
2022-08-23 10:01:00 UTC,723,27.74274761,68.53997144,53,22,1
2022-08-23 10:02:00 UTC,724,30.41588462,67.66323804,53,22,1
2022-08-23 10:03:00 UTC,725,27.3254209,69.09047809,53,22,1
2022-08-23 10:04:00 UTC,726,30.28496619,61.69295127,53,22,1
2022-08-23 10:05:00 UTC,727,28.56840626,61.53278622,53,22,1
2022-08-23 10:06:00 UTC,728,25.36586097,66.6379724,53,22,1
2022-08-23 10:07:00 UTC,729,34.9466155,65.26774011,53,22,1
2022-08-23 10:08:00 UTC,730,25.09737391,67.72837887,53,22,1
2022-08-23 10:09:00 UTC,731,32.47648301,64.34848735,53,22,1
2022-08-23 10:10:00 UTC,732,33.86351172,68.59232289,53,22,1
2022-08-23 10:11:00 UTC,733,25.19857725,60.37332688,53,22,1
2022-08-23 10:12:00 UTC,734,31.77681682,69.01852894,53,22,1
2022-08-23 10:13:00 UTC,735,29.43463808,64.94329356,53,22,1
2022-08-23 10:14:00 UTC,736,29.10713092,67.90577375,53,22,1
2022-08-23 10:15:00 UTC,737,28.57006111,65.71765781,53,22,1
2022-08-23 10:16:00 UTC,738,27.54384835,69.3478631,53,22,1
2022-08-23 10:17:00 UTC,739,33.04687968,68.93875631,53,22,1
2022-08-23 10:18:00 UTC,740,33.95309131,69.96100028,53,22,1
2022-08-23 10:19:00 UTC,741,30.11873003,60.11680815,53,22,1
2022-08-23 10:20:00 UTC,742,29.57812712,66.17587668,53,22,1
2022-08-23 10:21:00 UTC,743,27.26458947,68.01232937,53,22,1
2022-08-23 10:22:00 UTC,744,31.35730791,64.24992106,53,22,1
2022-08-23 10:23:00 UTC,745,31.52104732,66.55723677,53,22,1
2022-08-23 10:24:00 UTC,746,29.39982732,64.25510719,53,22,1
2022-08-23 10:25:00 UTC,747,29.38400259,64.14928485,53,22,1
2022-08-23 10:26:00 UTC,748,28.38686534,61.88871127,53,22,1
2022-08-23 10:27:00 UTC,749,28.47442276,63.53604453,53,22,1
2022-08-23 10:28:00 UTC,750,30.64095781,61.14508627,53,22,1
2022-08-23 10:29:00 UTC,751,25.25596239,61.36669662,53,22,1
2022-08-23 10:30:00 UTC,752,32.97030511,60.18122078,53,22,1
2022-08-23 10:31:00 UTC,753,33.66855394,66.60416867,53,22,1
2022-08-23 10:32:00 UTC,754,32.83963757,67.99803573,53,22,1
2022-08-23 10:33:00 UTC,755,27.45853567,62.90020977,53,22,1
2022-08-23 10:34:00 UTC,756,25.68576704,69.84354028,53,22,1
2022-08-23 10:35:00 UTC,757,30.0328403,64.14800537,53,22,1
2022-08-23 10:36:00 UTC,758,28.20667264,68.27085245,53,22,1
2022-08-23 10:37:00 UTC,759,28.27265858,61.18956161,53,22,1
2022-08-23 10:38:00 UTC,760,28.5417236,64.2020154,53,22,1
2022-08-23 10:39:00 UTC,761,26.87187036,61.61367264,53,22,1
2022-08-23 10:40:00 UTC,762,32.79766751,68.77994074,53,26,1
2022-08-23 10:41:00 UTC,763,26.42333018,64.51136845,53,26,1
2022-08-23 10:42:00 UTC,764,29.79181107,63.38789228,53,26,1
2022-08-23 10:43:00 UTC,765,27.44003279,67.10464369,53,26,1
2022-08-23 10:44:00 UTC,766,34.1262979,65.14877461,53,26,1
2022-08-23 10:45:00 UTC,767,30.94908189,64.23364112,53,26,1
2022-08-23 10:46:00 UTC,768,28.75751783,61.02701476,53,26,1
2022-08-23 10:47:00 UTC,769,27.24766491,66.10123083,53,26,1
2022-08-23 10:48:00 UTC,770,28.63005477,66.770943,53,26,1
2022-08-23 10:49:00 UTC,771,26.41768321,63.64698302,53,26,1
2022-08-23 10:50:00 UTC,772,32.81705216,66.15665137,53,26,1
2022-08-23 10:51:00 UTC,773,29.6321052,65.91359954,53,26,1
2022-08-23 10:52:00 UTC,774,33.49077065,62.73317204,53,26,1
2022-08-23 10:53:00 UTC,775,31.86847286,66.74217464,53,26,1
2022-08-23 10:54:00 UTC,776,30.32992227,65.62971858,53,26,1
2022-08-23 10:55:00 UTC,777,28.546224,66.31394098,53,26,1
2022-08-23 10:56:00 UTC,778,30.02629908,67.88811637,53,26,1
2022-08-23 10:57:00 UTC,779,31.65531175,60.13263713,53,26,1
2022-08-23 10:58:00 UTC,780,30.33499674,63.54718862,53,26,1
2022-08-23 10:59:00 UTC,781,33.36984395,65.67718163,53,26,1
2022-08-23 11:00:00 UTC,782,31.4345059,62.99303471,53,26,1
2022-08-23 11:01:00 UTC,783,27.71678273,63.29103387,53,26,1
2022-08-23 11:02:00 UTC,784,32.63918668,61.3009051,53,26,1
2022-08-23 11:03:00 UTC,785,32.7477393,67.77954584,53,26,1
2022-08-23 11:04:00 UTC,786,28.05153602,63.49802189,53,26,1
2022-08-23 11:05:00 UTC,787,19.44084326,63.27771461,53,26,1
2022-08-23 11:06:00 UTC,788,29.84823072,60.63872613,53,26,1
2022-08-23 11:07:00 UTC,789,21.36383757,69.92375891,53,26,1
2022-08-23 11:08:00 UTC,790,26.28663931,68.51966729,53,26,1
2022-08-23 11:09:00 UTC,791,22.17499963,62.13873825,53,26,1
2022-08-23 11:10:00 UTC,792,26.57597546,60.97876599,53,26,1
2022-08-23 11:11:00 UTC,793,26.58972517,66.14007674,53,26,1
2022-08-23 11:12:00 UTC,794,19.1345771,62.57526895,53,26,1
2022-08-23 11:13:00 UTC,795,28.75273118,69.15640149,53,26,1
2022-08-23 11:14:00 UTC,796,25.78746268,60.2816298,53,26,1
2022-08-23 11:15:00 UTC,797,23.89271875,61.78779413,53,26,1
2022-08-23 11:16:00 UTC,798,28.67408774,63.18832976,53,26,1
2022-08-23 11:17:00 UTC,799,28.42062847,61.77336343,53,26,1
2022-08-23 11:18:00 UTC,800,21.35499456,62.60136323,53,26,1
2022-08-23 11:19:00 UTC,801,21.12695586,63.18738532,53,26,1
2022-08-23 11:20:00 UTC,802,24.02037872,61.62313345,53,26,1
2022-08-23 11:21:00 UTC,803,25.40474421,65.8567539,53,26,1
2022-08-23 11:22:00 UTC,804,29.03017561,64.49166566,53,26,1
2022-08-23 11:23:00 UTC,805,20.21368219,68.65257685,53,26,1
2022-08-23 11:24:00 UTC,806,29.19585548,68.01965728,53,26,1
2022-08-23 11:25:00 UTC,807,18.29783597,69.6897615,53,26,1
2022-08-23 11:26:00 UTC,808,27.41434987,63.41785982,53,26,1
2022-08-23 11:27:00 UTC,809,24.84063998,60.09116626,53,21,1
2022-08-23 11:28:00 UTC,810,29.94413861,67.31323084,53,19,1
2022-08-23 11:29:00 UTC,811,25.87990287,67.55109024,53,18,1
2022-08-23 11:30:00 UTC,812,20.0467711,65.84395319,53,18,1
2022-08-23 11:31:00 UTC,813,22.99451999,66.70897237,53,18,1
2022-08-23 11:32:00 UTC,814,25.13163619,66.92642362,53,18,1
2022-08-23 11:33:00 UTC,815,28.49584395,62.44616219,53,18,1
2022-08-23 11:34:00 UTC,816,18.28766124,69.48515056,53,18,1
2022-08-23 11:35:00 UTC,817,24.38041875,61.18458224,53,18,1
2022-08-23 11:36:00 UTC,818,21.31852148,66.43934593,53,18,1
2022-08-23 11:37:00 UTC,819,18.54141834,62.70637578,53,18,1
2022-08-23 11:38:00 UTC,820,25.28710601,60.85993533,53,18,1
2022-08-23 11:39:00 UTC,821,25.43459777,69.12613376,53,18,1
2022-08-23 11:40:00 UTC,822,28.83600962,69.76112921,53,18,1
2022-08-23 11:41:00 UTC,823,27.37659643,63.93927841,53,13,1
2022-08-23 11:42:00 UTC,824,28.31886863,60.19461399,53,13,1
2022-08-23 11:43:00 UTC,825,27.4818649,62.04814951,53,13,1
2022-08-23 11:44:00 UTC,826,18.28072173,68.10365387,53,13,1
2022-08-23 11:45:00 UTC,827,27.61204997,69.29786244,53,13,1
2022-08-23 11:46:00 UTC,828,23.43974653,63.22011726,53,13,1
2022-08-23 11:47:00 UTC,829,20.95628486,63.68128841,58,13,1
2022-08-23 11:48:00 UTC,830,23.7937153,68.03209183,58,13,1
2022-08-23 11:49:00 UTC,831,22.6371424,65.44544859,58,13,1
2022-08-23 11:50:00 UTC,832,21.53577883,65.47227704,58,13,1
2022-08-23 11:51:00 UTC,833,29.87854588,65.73085206,58,13,1
2022-08-23 11:52:00 UTC,834,25.2653291,67.10004577,58,13,1
2022-08-23 11:53:00 UTC,835,25.17885316,68.93307305,58,13,1
2022-08-23 11:54:00 UTC,836,24.12192608,61.09533545,58,13,1
2022-08-23 11:55:00 UTC,837,23.33565221,67.40460704,58,13,1
2022-08-23 11:56:00 UTC,838,21.74600081,63.39503184,58,13,1
2022-08-23 11:57:00 UTC,839,27.60195453,63.46170674,58,13,1
2022-08-23 11:58:00 UTC,840,24.388717,62.50453062,58,13,1
2022-08-23 11:59:00 UTC,841,24.98287462,66.895409,58,13,1
2022-08-23 12:00:00 UTC,842,28.234829,69.3159965,58,13,1